{
  "model_version": "v1.0",
  "created_date": "2025-11-11 01:33:27",
  "training_samples": 1092,
  "test_samples": 423,
  "mae_home": 0.9177266359329224,
  "mae_away": 0.8456588983535767,
  "hda_accuracy": 0.5295508274231678,
  "hyperparameters": {
    "n_estimators": 100,
    "max_depth": 5,
    "learning_rate": 0.1,
    "subsample": 0.8,
    "colsample_bytree": 1.0
  }
}